Index,Activity
0,Walking
1,Walking
2,Walking
3,Walking
4,Walking
5,Walking
6,Walking
7,Walking
8,Walking
9,Walking
10,Walking
11,Walking
12,Walking
13,Walking
14,Walking
15,Walking
16,Walking
17,Walking
18,Walking
19,Walking
20,Walking
21,Walking
22,Walking
23,Walking
24,Walking
25,Walking
26,Walking
27,Walking
28,Walking
29,Walking
30,Walking
31,Walking
32,Walking
33,Walking
34,Walking
35,Walking
36,Walking
37,Walking
38,Walking
39,Walking
40,Walking
41,Walking
42,Walking
43,Walking
44,Walking
45,Walking
46,Walking
47,Walking
48,Walking
49,Walking
50,Walking
51,Walking
52,Walking
53,Walking
54,Walking
55,Walking
56,Walking
57,Walking
58,Walking
59,Walking
60,Walking
61,Walking
62,Walking
63,Walking
64,Walking
65,Walking
66,Walking
67,Walking
68,Walking
69,Walking
70,Walking
71,Walking
72,Walking
73,Walking
74,Walking
75,Walking
76,Walking
77,Walking
78,Walking
79,Walking
80,Walking
81,Walking
82,Walking
83,Walking
84,Walking
85,Walking
86,Walking
87,Walking
88,Walking
89,Walking
90,Walking
91,Walking
92,Walking
93,Walking
94,Walking
95,Walking
96,Walking
97,Walking
98,Walking
99,Walking
100,Walking
101,Walking
102,Walking
103,Walking
104,Walking
105,Walking
106,Walking
107,Walking
108,Walking
109,Walking
110,Walking
111,Walking
112,Walking
113,Walking
114,Walking
115,Walking
116,Walking
117,Walking
118,Walking
119,Walking
120,Walking
121,Walking
122,Walking
123,Walking
124,Walking
125,Walking
126,Walking
127,Walking
128,Walking
129,Walking
130,Walking
131,Walking
132,Walking
133,Walking
134,Walking
135,Walking
136,Walking
137,Walking
138,Walking
139,Walking
140,Walking
141,Walking
142,Walking
143,Walking
144,Walking
145,Walking
146,Walking
147,Walking
148,Walking
149,Walking
150,Walking
151,Walking
152,Walking
153,Walking
154,Walking
155,Walking
156,Walking
157,Walking
158,Walking
159,Walking
160,Walking
161,Walking
162,Walking
163,Walking
164,Walking
165,Walking
166,Walking
167,Walking
168,Walking
169,Walking
170,Walking
171,Walking
172,Walking
173,Walking
174,Walking
175,Walking
176,Walking
177,Walking
178,Walking
179,Walking
180,Walking
181,Walking
182,Walking
183,Walking
184,Walking
185,Walking
186,Walking
187,Walking
188,Walking
189,Walking
190,Walking
191,Walking
192,Walking
193,Walking
194,Walking
195,Walking
196,Walking
197,Walking
198,Walking
199,Walking
200,Walking
201,Walking
202,Walking
203,Walking
204,Walking
205,Walking
206,Walking
207,Walking
208,Walking
209,Walking
210,Walking
211,Walking
212,Walking
213,Walking
214,Walking
215,Walking
216,Walking
217,Walking
218,Walking
219,Walking
220,Walking
221,Walking
222,Walking
223,Walking
224,Walking
225,Walking
226,Walking
227,Walking
228,Walking
229,Walking
230,Walking
231,Walking
232,Walking
233,Walking
234,Walking
235,Walking
236,Walking
237,Walking
238,Walking
239,Walking
240,Walking
241,Walking
242,Walking
243,Walking
244,Walking
245,Walking
246,Walking
247,Walking
248,Walking
249,Walking
250,Walking
251,Walking
252,Walking
253,Walking
254,Walking
255,Walking
256,Walking
257,Walking
258,Walking
259,Walking
260,Walking
261,Walking
262,Walking
263,Walking
264,Walking
265,Walking
266,Walking
267,Walking
268,Walking
269,Walking
270,Walking
271,Walking
272,Walking
273,Walking
274,Walking
275,Walking
276,Walking
277,Walking
278,Walking
279,Walking
280,Walking
281,Walking
282,Walking
283,Walking
284,Walking
285,Walking
286,Walking
287,Walking
288,Walking
289,Walking
290,Walking
291,Walking
292,Walking
293,Walking
294,Walking
295,Walking
296,Walking
297,Walking
298,Walking
299,Walking
300,Walking
301,Walking
302,Walking
303,Walking
304,Walking
305,Walking
306,Walking
307,Walking
308,Walking
309,Walking
310,Walking
311,Walking
312,Walking
313,Walking
314,Walking
315,Walking
316,Walking
317,Walking
318,Walking
319,Walking
320,Walking
321,Walking
322,Walking
323,Walking
324,Walking
325,Walking
326,Walking
327,Walking
328,Walking
329,Walking
330,Walking
331,Walking
332,Walking
333,Walking
334,Walking
335,Walking
336,Walking
337,Walking
338,Walking
339,Walking
340,Walking
341,Walking
342,Walking
343,Walking
344,Walking
345,Walking
346,Walking
347,Walking
348,Walking
349,Walking
350,Walking
351,Walking
352,Walking
353,Walking
354,Walking
355,Walking
356,Walking
357,Walking
358,Walking
359,Walking
360,Walking
361,Walking
362,Walking
363,Walking
364,Walking
365,Walking
366,Walking
367,Walking
368,Walking
369,Walking
370,Walking
371,Walking
372,Walking
373,Walking
374,Walking
375,Walking
376,Walking
377,Walking
378,Walking
379,Walking
380,Walking
381,Walking
382,Walking
383,Walking
384,Walking
385,Walking
386,Walking
387,Walking
388,Walking
389,Walking
390,Walking
391,Walking
392,Walking
393,Walking
394,Walking
395,Walking
396,Walking
397,Walking
398,Walking
399,Walking
400,Walking
401,Walking
402,Walking
403,Walking
404,Walking
405,Walking
406,Walking
407,Walking
408,Walking
409,Walking
410,Walking
411,Walking
412,Walking
413,Walking
414,Walking
415,Walking
416,Walking
417,Walking
418,Walking
419,Walking
420,Walking
421,Walking
422,Walking
423,Walking
424,Walking
425,Walking
426,Walking
427,Walking
428,Walking
429,Walking
430,Walking
431,Walking
432,Walking
433,Walking
434,Walking
435,Walking
436,Walking
437,Walking
438,Walking
439,Walking
440,Walking
441,Walking
442,Walking
443,Walking
444,Walking
445,Walking
446,Walking
447,Walking
448,Walking
449,Walking
450,Walking
451,Walking
452,Walking
453,Walking
454,Walking
455,Walking
456,Walking
457,Walking
458,Walking
459,Walking
460,Walking
461,Walking
462,Walking
463,Walking
464,Walking
465,Walking
466,Walking
467,Walking
468,Walking
469,Walking
470,Walking
471,Walking
472,Walking
473,Walking
474,Walking
475,Walking
476,Walking
477,Walking
478,Walking
479,Walking
480,Walking
481,Walking
482,Walking
483,Walking
484,Walking
485,Walking
486,Walking
487,Walking
488,Walking
489,Walking
490,Walking
491,Walking
492,Walking
493,Walking
494,Walking
495,Walking
496,Walking
497,Walking
498,Walking
499,Walking
500,Walking
501,Walking
502,Walking
503,Walking
504,Walking
505,Walking
506,Walking
507,Walking
508,Walking
509,Walking
510,Walking
511,Walking
512,Walking
513,Walking
514,Walking
515,Walking
516,Walking
517,Walking
518,Walking
519,Walking
520,Walking
521,Walking
522,Walking
523,Walking
524,Walking
525,Walking
526,Walking
527,Walking
528,Walking
529,Walking
530,Walking
531,Walking
532,Walking
533,Walking
534,Walking
535,Walking
536,Walking
537,Walking
538,Walking
539,Walking
540,Walking
541,Walking
542,Walking
543,Walking
544,Walking
545,Walking
546,Walking
547,Walking
548,Walking
549,Walking
550,Walking
551,Walking
552,Walking
553,Walking
554,Walking
555,Walking
556,Walking
557,Walking
558,Walking
559,Walking
560,Walking
561,Walking
562,Walking
563,Walking
564,Walking
565,Walking
566,Walking
567,Walking
568,Walking
569,Walking
570,Walking
571,Walking
572,Walking
573,Walking
574,Walking
575,Walking
576,Walking
577,Walking
578,Walking
579,Walking
580,Walking
581,Walking
582,Walking
583,Walking
584,Walking
585,Walking
586,Walking
587,Walking
588,Walking
589,Walking
590,Walking
591,Walking
592,Walking
593,Walking
594,Walking
595,Walking
596,Walking
597,Walking
598,Walking
599,Walking
600,Walking
601,Walking
602,Walking
603,Walking
604,Walking
605,Walking
606,Walking
607,Walking
608,Walking
609,Walking
610,Walking
611,Walking
612,Walking
613,Walking
614,Walking
615,Walking
616,Walking
617,Walking
618,Walking
619,Walking
620,Walking
621,Walking
622,Walking
623,Walking
624,Walking
625,Walking
626,Walking
627,Walking
628,Walking
629,Walking
630,Walking
631,Walking
632,Walking
633,Walking
634,Walking
635,Walking
636,Walking
637,Walking
638,Walking
639,Walking
640,Walking
641,Walking
642,Walking
643,Walking
644,Walking
645,Walking
646,Walking
647,Walking
648,Walking
649,Walking
650,Walking
651,Walking
652,Walking
653,Walking
654,Walking
655,Walking
656,Walking
657,Walking
658,Walking
659,Walking
660,Walking
661,Walking
662,Walking
663,Walking
664,Walking
665,Walking
666,Walking
667,Walking
668,Walking
669,Walking
670,Walking
671,Walking
672,Walking
673,Walking
674,Walking
675,Walking
676,Walking
677,Walking
678,Walking
679,Walking
680,Walking
681,Walking
682,Walking
683,Walking
684,Walking
685,Walking
686,Walking
687,Walking
688,Walking
689,Walking
690,Walking
691,Walking
692,Walking
693,Walking
694,Walking
695,Walking
696,Walking
697,Walking
698,Walking
699,Walking
700,Walking
701,Walking
702,Walking
703,Walking
704,Walking
705,Walking
706,Walking
707,Walking
708,Walking
709,Walking
710,Walking
711,Walking
712,Walking
713,Walking
714,Walking
715,Walking
716,Walking
717,Walking
718,Walking
719,Walking
720,Walking
721,Walking
722,Walking
723,Walking
724,Walking
725,Walking
726,Walking
727,Walking
728,Walking
729,Walking
730,Walking
731,Walking
732,Walking
733,Walking
734,Walking
735,Walking
736,Walking
737,Walking
738,Walking
739,Walking
740,Walking
741,Walking
742,Walking
743,Walking
744,Walking
745,Walking
746,Walking
747,Walking
748,Walking
749,Walking
750,Walking
751,Walking
752,Standing
753,Standing
754,Standing
755,Standing
756,Standing
757,Standing
758,Standing
759,Standing
760,Standing
761,Standing
762,Standing
763,Standing
764,Standing
765,Standing
766,Standing
767,Standing
768,Standing
769,Standing
770,Standing
771,Standing
772,Standing
773,Standing
774,Standing
775,Standing
776,Standing
777,Standing
778,Standing
779,Standing
780,Standing
781,Standing
782,Standing
783,Standing
784,Standing
785,Standing
786,Standing
787,Standing
788,Standing
789,Standing
790,Standing
791,Standing
792,Standing
793,Standing
794,Standing
795,Standing
796,Standing
797,Standing
798,Standing
799,Standing
800,Standing
801,Standing
802,Standing
803,Standing
804,Standing
805,Standing
806,Standing
807,Standing
808,Standing
809,Standing
810,Standing
811,Standing
812,Standing
813,Standing
814,Standing
815,Standing
816,Standing
817,Standing
818,Standing
819,Standing
820,Standing
821,Standing
822,Standing
823,Standing
824,Standing
825,Standing
826,Standing
827,Standing
828,Standing
829,Standing
830,Standing
831,Standing
832,Standing
833,Standing
834,Standing
835,Standing
836,Standing
837,Standing
838,Standing
839,Standing
840,Standing
841,Standing
842,Standing
843,Standing
844,Standing
845,Standing
846,Standing
847,Standing
848,Standing
849,Standing
850,Standing
851,Standing
852,Standing
853,Standing
854,Standing
855,Standing
856,Standing
857,Standing
858,Standing
859,Standing
860,Standing
861,Standing
862,Standing
863,Standing
864,Standing
865,Standing
866,Standing
867,Standing
868,Standing
869,Standing
870,Standing
871,Standing
872,Standing
873,Standing
874,Standing
875,Standing
876,Standing
877,Standing
878,Standing
879,Standing
880,Standing
881,Standing
882,Standing
883,Standing
884,Standing
885,Standing
886,Standing
887,Standing
888,Standing
889,Standing
890,Standing
891,Standing
892,Standing
893,Standing
894,Standing
895,Standing
896,Standing
897,Standing
898,Standing
899,Standing
900,Standing
901,Standing
902,Standing
903,Standing
904,Standing
905,Standing
906,Standing
907,Standing
908,Standing
909,Standing
910,Standing
911,Standing
912,Standing
913,Standing
914,Standing
915,Standing
916,Standing
917,Standing
918,Standing
919,Standing
920,Standing
921,Standing
922,Standing
923,Standing
924,Standing
925,Standing
926,Standing
927,Standing
928,Standing
929,Standing
930,Standing
931,Standing
932,Standing
933,Standing
934,Standing
935,Standing
936,Standing
937,Standing
938,Standing
939,Standing
940,Standing
941,Standing
942,Standing
943,Standing
944,Standing
945,Standing
946,Standing
947,Standing
948,Standing
949,Standing
950,Standing
951,Standing
952,Standing
953,Standing
954,Standing
955,Standing
956,Standing
957,Standing
958,Standing
959,Standing
960,Standing
961,Standing
962,Standing
963,Standing
964,Standing
965,Standing
966,Standing
967,Standing
968,Standing
969,Standing
970,Standing
971,Standing
972,Standing
973,Standing
974,Standing
975,Standing
976,Standing
977,Standing
978,Standing
979,Standing
980,Standing
981,Standing
982,Standing
983,Standing
984,Standing
985,Standing
986,Standing
987,Standing
988,Standing
989,Standing
990,Standing
991,Standing
992,Standing
993,Standing
994,Standing
995,Standing
996,Standing
997,Standing
998,Standing
999,Standing
1000,Standing
1001,Standing
1002,Standing
1003,Standing
1004,Standing
1005,Standing
1006,Standing
1007,Standing
1008,Standing
1009,Standing
1010,Standing
1011,Standing
1012,Standing
1013,Standing
1014,Standing
1015,Standing
1016,Standing
1017,Standing
1018,Standing
1019,Standing
1020,Standing
1021,Standing
1022,Standing
1023,Standing
1024,Standing
1025,Standing
1026,Standing
1027,Standing
1028,Standing
1029,Standing
1030,Standing
1031,Standing
1032,Standing
1033,Standing
1034,Standing
1035,Standing
1036,Standing
1037,Standing
1038,Standing
1039,Standing
1040,Standing
1041,Standing
1042,Standing
1043,Standing
1044,Standing
1045,Standing
1046,Standing
1047,Standing
1048,Standing
1049,Standing
1050,Standing
1051,Standing
1052,Standing
1053,Standing
1054,Standing
1055,Standing
1056,Standing
1057,Standing
1058,Standing
1059,Standing
1060,Standing
1061,Standing
1062,Standing
1063,Standing
1064,Standing
1065,Standing
1066,Standing
1067,Standing
1068,Standing
1069,Standing
1070,Standing
1071,Standing
1072,Standing
1073,Standing
1074,Standing
1075,Standing
1076,Standing
1077,Standing
1078,Standing
1079,Standing
1080,Standing
1081,Standing
1082,Standing
1083,Standing
1084,Standing
1085,Standing
1086,Standing
1087,Standing
1088,Standing
1089,Standing
1090,Standing
1091,Standing
1092,Standing
1093,Standing
1094,Standing
1095,Standing
1096,Standing
1097,Standing
1098,Standing
1099,Standing
1100,Standing
1101,Standing
1102,Standing
1103,Standing
1104,Standing
1105,Standing
1106,Standing
1107,Standing
1108,Standing
1109,Standing
1110,Standing
1111,Standing
1112,Standing
1113,Standing
1114,Standing
1115,Standing
1116,Standing
1117,Standing
1118,Standing
1119,Standing
1120,Standing
1121,Standing
1122,Standing
1123,Standing
1124,Standing
1125,Standing
1126,Standing
1127,Standing
1128,Standing
1129,Standing
1130,Standing
1131,Standing
1132,Standing
1133,Standing
1134,Standing
1135,Standing
1136,Standing
1137,Standing
1138,Standing
1139,Standing
1140,Standing
1141,Standing
1142,Standing
1143,Standing
1144,Standing
1145,Standing
1146,Standing
1147,Standing
1148,Standing
1149,Standing
1150,Standing
1151,Standing
1152,Standing
1153,Standing
1154,Standing
1155,Standing
1156,Standing
1157,Standing
1158,Standing
1159,Standing
1160,Standing
1161,Standing
1162,Standing
1163,Standing
1164,Standing
1165,Standing
1166,Standing
1167,Standing
1168,Standing
1169,Standing
1170,Standing
1171,Standing
1172,Standing
1173,Standing
1174,Standing
1175,Standing
1176,Standing
1177,Standing
1178,Standing
1179,Standing
1180,Standing
1181,Standing
1182,Standing
1183,Standing
1184,Standing
1185,Standing
1186,Standing
1187,Standing
1188,Standing
1189,Standing
1190,Standing
1191,Standing
1192,Standing
1193,Standing
1194,Standing
1195,Standing
1196,Standing
1197,Standing
1198,Standing
1199,Standing
1200,Standing
1201,Standing
1202,Standing
1203,Standing
1204,Standing
1205,Standing
1206,Standing
1207,Standing
1208,Standing
1209,Standing
1210,Standing
1211,Standing
1212,Standing
1213,Standing
1214,Standing
1215,Standing
1216,Standing
1217,Standing
1218,Standing
1219,Standing
1220,Standing
1221,Standing
1222,Standing
1223,Standing
1224,Standing
1225,Standing
1226,Standing
1227,Standing
1228,Standing
1229,Standing
1230,Standing
1231,Standing
1232,Standing
1233,Standing
1234,Standing
1235,Standing
1236,Standing
1237,Standing
1238,Standing
1239,Standing
1240,Standing
1241,Standing
1242,Standing
1243,Standing
1244,Standing
1245,Standing
1246,Standing
1247,Standing
1248,Standing
1249,Standing
1250,Standing
1251,Standing
1252,Standing
1253,Standing
1254,Standing
1255,Standing
1256,Standing
1257,Standing
1258,Standing
1259,Standing
1260,Standing
1261,Standing
1262,Standing
1263,Standing
1264,Standing
1265,Standing
1266,Standing
1267,Standing
1268,Standing
1269,Standing
1270,Standing
1271,Standing
1272,Standing
1273,Standing
1274,Standing
1275,Standing
1276,Standing
1277,Standing
1278,Standing
1279,Standing
1280,Standing
1281,Standing
1282,Standing
1283,Standing
1284,Standing
1285,Standing
1286,Standing
1287,Standing
1288,Standing
1289,Standing
1290,Standing
1291,Standing
1292,Standing
1293,Standing
1294,Standing
1295,Standing
1296,Standing
1297,Standing
1298,Standing
1299,Standing
1300,Standing
1301,Standing
1302,Standing
1303,Standing
1304,Standing
1305,Standing
1306,Standing
1307,Standing
1308,Standing
1309,Standing
1310,Standing
1311,Standing
1312,Standing
1313,Standing
1314,Standing
1315,Standing
1316,Standing
1317,Standing
1318,Standing
1319,Standing
1320,Standing
1321,Standing
1322,Standing
1323,Standing
1324,Standing
1325,Standing
1326,Standing
1327,Standing
1328,Standing
1329,Standing
1330,Standing
1331,Standing
1332,Standing
1333,Standing
1334,Standing
1335,Standing
1336,Standing
1337,Standing
1338,Standing
1339,Standing
1340,Standing
1341,Standing
1342,Standing
1343,Standing
1344,Standing
1345,Standing
1346,Standing
1347,Standing
1348,Standing
1349,Standing
1350,Standing
1351,Standing
1352,Standing
1353,Standing
1354,Standing
1355,Standing
1356,Standing
1357,Standing
1358,Standing
1359,Standing
1360,Standing
1361,Standing
1362,Standing
1363,Standing
1364,Standing
1365,Standing
1366,Standing
1367,Standing
1368,Standing
1369,Standing
1370,Standing
1371,Standing
1372,Standing
1373,Standing
1374,Standing
1375,Standing
1376,Standing
1377,Standing
1378,Standing
1379,Standing
1380,Standing
1381,Standing
1382,Standing
1383,Standing
1384,Standing
1385,Standing
1386,Standing
1387,Standing
1388,Standing
1389,Standing
1390,Standing
1391,Standing
1392,Standing
1393,Standing
1394,Standing
1395,Standing
1396,Standing
1397,Standing
1398,Standing
1399,Standing
1400,Standing
1401,Standing
1402,Standing
1403,Standing
1404,Standing
1405,Standing
1406,Standing
1407,Standing
1408,Standing
1409,Standing
1410,Standing
1411,Standing
1412,Standing
1413,Standing
1414,Standing
1415,Standing
1416,Standing
1417,Standing
1418,Standing
1419,Standing
1420,Standing
1421,Standing
1422,Standing
1423,Standing
1424,Standing
1425,Standing
1426,Standing
1427,Standing
1428,Standing
1429,Standing
1430,Standing
1431,Standing
1432,Standing
1433,Standing
1434,Standing
1435,Standing
1436,Standing
1437,Standing
1438,Standing
1439,Standing
1440,Standing
1441,Standing
1442,Standing
1443,Standing
1444,Standing
1445,Standing
1446,Standing
1447,Standing
1448,Standing
1449,Standing
1450,Standing
1451,Standing
1452,Standing
1453,Standing
1454,Standing
1455,Standing
1456,Standing
1457,Standing
1458,Standing
1459,Standing
1460,Standing
1461,Standing
1462,Standing
1463,Standing
1464,Standing
1465,Standing
1466,Standing
1467,Standing
1468,Standing
1469,Standing
1470,Standing
1471,Standing
1472,Standing
1473,Standing
1474,Standing
1475,Standing
1476,Standing
1477,Standing
1478,Standing
1479,Standing
1480,Standing
1481,Standing
1482,Standing
1483,Standing
1484,Standing
1485,Standing
1486,Standing
1487,Standing
1488,Standing
1489,Standing
1490,Standing
1491,Standing
1492,Standing
1493,Standing
1494,Standing
1495,Standing
1496,Standing
1497,Standing
1498,Standing
1499,Standing
1500,Standing
1501,Standing
1502,Standing
1503,Standing
1504,Standing
1505,Standing
1506,Standing
1507,Standing
1508,Standing
1509,Standing
1510,Standing
1511,Standing
1512,Standing
1513,Standing
1514,Standing
1515,Standing
1516,Standing
1517,Standing
1518,Standing
1519,Standing
1520,Standing
1521,Standing
1522,Standing
1523,Standing
1524,Standing
1525,Standing
1526,Standing
1527,Standing
1528,Standing
1529,Standing
1530,Standing
1531,Standing
1532,Standing
1533,Standing
1534,Standing
1535,Standing
1536,Standing
1537,Standing
1538,Standing
1539,Standing
1540,Standing
1541,Standing
1542,Standing
1543,Standing
1544,Standing
1545,Standing
1546,Standing
1547,Standing
1548,Standing
1549,Standing
1550,Standing
1551,Standing
1552,Standing
1553,Standing
1554,Standing
1555,Standing
1556,Standing
1557,Standing
1558,Standing
1559,Standing
1560,Standing
1561,Standing
1562,Standing
1563,Standing
1564,Standing
1565,Standing
1566,Standing
1567,Standing
1568,Standing
1569,Standing
1570,Standing
1571,Standing
1572,Standing
1573,Standing
1574,Standing
1575,Standing
1576,Standing
1577,Standing
1578,Standing
1579,Standing
1580,Standing
1581,Standing
1582,Standing
1583,Standing
1584,Standing
1585,Standing
1586,Standing
1587,Standing
1588,Standing
1589,Standing
1590,Standing
1591,Standing
1592,Standing
1593,Standing
1594,Standing
1595,Standing
1596,Standing
1597,Standing
1598,Standing
1599,Standing
1600,Standing
1601,Standing
1602,Standing
1603,Standing
1604,Standing
1605,Standing
1606,Standing
1607,Standing
1608,Standing
1609,Standing
1610,Standing
1611,Standing
1612,Standing
1613,Standing
1614,Standing
1615,Standing
1616,Standing
1617,Standing
1618,Standing
1619,Standing
1620,Standing
1621,Standing
1622,Standing
1623,Standing
1624,Standing
1625,Standing
1626,Standing
1627,Standing
1628,Standing
1629,Standing
1630,Standing
1631,Standing
1632,Standing
1633,Standing
1634,Standing
1635,Standing
1636,Standing
1637,Standing
1638,Standing
1639,Standing
1640,Standing
1641,Standing
1642,Standing
1643,Standing
1644,Standing
1645,Standing
1646,Standing
1647,Standing
1648,Standing
1649,Standing
1650,Standing
1651,Standing
1652,Standing
1653,Standing
1654,Standing
1655,Standing
1656,Standing
1657,Standing
1658,Standing
1659,Standing
1660,Standing
1661,Standing
1662,Standing
1663,Standing
1664,Standing
1665,Standing
1666,Standing
1667,Standing
1668,Standing
1669,Standing
1670,Standing
1671,Standing
1672,Standing
1673,Standing
1674,Standing
1675,Standing
1676,Standing
1677,Standing
1678,Standing
1679,Standing
1680,Standing
1681,Standing
1682,Standing
1683,Standing
1684,Standing
1685,Standing
1686,Standing
1687,Standing
1688,Standing
1689,Standing
1690,Standing
1691,Standing
1692,Standing
1693,Standing
1694,Standing
1695,Standing
1696,Standing
1697,Standing
1698,Standing
1699,Standing
1700,Standing
1701,Standing
1702,Standing
1703,Standing
1704,Standing
1705,Standing
1706,Standing
1707,Standing
1708,Standing
1709,Standing
1710,Standing
1711,Running
1712,Running
1713,Running
1714,Running
1715,Running
1716,Running
1717,Running
1718,Running
1719,Running
1720,Running
1721,Running
1722,Running
1723,Running
1724,Running
1725,Running
1726,Running
1727,Running
1728,Running
1729,Running
1730,Running
1731,Running
1732,Running
1733,Running
1734,Running
1735,Running
1736,Running
1737,Running
1738,Running
1739,Running
1740,Running
1741,Running
1742,Running
1743,Running
1744,Running
1745,Running
1746,Running
1747,Running
1748,Running
1749,Running
1750,Running
1751,Running
1752,Running
1753,Running
1754,Running
1755,Running
1756,Running
1757,Running
1758,Running
1759,Running
1760,Running
1761,Running
1762,Running
1763,Running
1764,Running
1765,Running
1766,Running
1767,Running
1768,Running
1769,Running
1770,Running
1771,Running
1772,Running
1773,Running
1774,Running
1775,Running
1776,Running
1777,Running
1778,Running
1779,Running
1780,Running
1781,Running
1782,Running
1783,Running
1784,Running
1785,Running
1786,Running
1787,Running
1788,Running
1789,Running
1790,Running
1791,Running
1792,Running
1793,Running
1794,Running
1795,Running
1796,Running
1797,Running
1798,Running
1799,Running
1800,Running
1801,Running
1802,Running
1803,Running
1804,Running
1805,Running
1806,Running
1807,Running
1808,Running
1809,Running
1810,Running
1811,Running
1812,Running
1813,Running
1814,Running
1815,Running
1816,Running
1817,Running
1818,Running
1819,Running
1820,Running
1821,Running
1822,Running
1823,Running
1824,Running
1825,Running
1826,Running
1827,Running
1828,Running
1829,Running
1830,Running
1831,Running
1832,Running
1833,Running
1834,Running
1835,Running
1836,Running
1837,Running
1838,Running
1839,Running
1840,Running
1841,Running
1842,Running
1843,Running
1844,Running
1845,Running
1846,Running
1847,Running
1848,Running
1849,Running
1850,Running
1851,Running
1852,Running
1853,Running
1854,Running
1855,Running
1856,Running
1857,Running
1858,Running
1859,Running
1860,Running
1861,Running
1862,Running
1863,Running
1864,Running
1865,Running
1866,Running
1867,Running
1868,Running
1869,Running
1870,Running
1871,Running
1872,Running
1873,Running
1874,Running
1875,Running
1876,Running
1877,Running
1878,Running
1879,Running
1880,Running
1881,Running
1882,Running
1883,Running
1884,Running
1885,Running
1886,Running
1887,Running
1888,Running
1889,Running
1890,Running
1891,Running
1892,Running
1893,Running
1894,Running
1895,Running
1896,Running
1897,Running
1898,Running
1899,Running
1900,Running
1901,Running
1902,Running
1903,Running
1904,Running
1905,Running
1906,Running
1907,Running
1908,Running
1909,Running
1910,Running
1911,Running
1912,Running
1913,Running
1914,Running
1915,Running
1916,Running
1917,Running
1918,Running
1919,Running
1920,Running
1921,Running
1922,Running
1923,Running
1924,Running
1925,Running
1926,Running
1927,Running
1928,Running
1929,Running
1930,Running
1931,Running
1932,Running
1933,Running
1934,Running
1935,Running
1936,Running
1937,Running
1938,Running
1939,Running
1940,Running
1941,Running
1942,Running
1943,Running
1944,Running
1945,Running
1946,Running
1947,Running
1948,Running
1949,Running
1950,Running
1951,Running
1952,Running
1953,Running
1954,Running
1955,Running
1956,Running
1957,Running
1958,Running
1959,Running
1960,Running
1961,Running
1962,Running
1963,Running
1964,Running
1965,Running
1966,Running
1967,Running
1968,Running
1969,Running
1970,Running
1971,Running
1972,Running
1973,Running
1974,Running
1975,Running
1976,Running
1977,Running
1978,Running
1979,Running
1980,Running
1981,Running
1982,Running
1983,Running
1984,Running
1985,Running
1986,Running
1987,Running
1988,Running
1989,Running
1990,Running
1991,Running
1992,Running
1993,Running
1994,Running
1995,Running
1996,Running
1997,Running
1998,Running
1999,Running
2000,Running
2001,Running
2002,Running
2003,Running
2004,Running
2005,Running
2006,Running
2007,Running
2008,Running
2009,Running
2010,Running
2011,Running
2012,Running
2013,Running
2014,Running
2015,Running
2016,Running
2017,Running
2018,Running
2019,Running
2020,Running
2021,Running
2022,Running
2023,Running
2024,Running
2025,Running
2026,Running
2027,Running
2028,Running
2029,Running
2030,Running
2031,Running
2032,Running
2033,Running
2034,Running
2035,Running
2036,Running
2037,Running
2038,Running
2039,Running
2040,Running
2041,Running
2042,Running
2043,Running
2044,Running
2045,Running
2046,Running
2047,Running
2048,Running
2049,Running
2050,Running
2051,Running
2052,Running
2053,Running
2054,Running
2055,Running
2056,Running
2057,Running
2058,Running
2059,Running
2060,Running
2061,Running
2062,Running
2063,Running
2064,Running
2065,Running
2066,Running
2067,Running
2068,Running
2069,Running
2070,Running
2071,Running
2072,Running
2073,Running
2074,Running
2075,Running
2076,Running
2077,Running
2078,Running
2079,Running
2080,Running
2081,Running
2082,Running
2083,Running
2084,Running
2085,Running
2086,Running
2087,Running
2088,Running
2089,Running
2090,Running
2091,Running
2092,Running
2093,Running
2094,Running
2095,Running
2096,Running
2097,Running
2098,Running
2099,Running
2100,Running
2101,Running
2102,Running
2103,Running
2104,Running
2105,Running
2106,Running
2107,Running
2108,Running
2109,Running
2110,Running
2111,Running
2112,Running
2113,Running
2114,Running
2115,Running
2116,Running
2117,Running
2118,Running
2119,Running
2120,Running
2121,Running
2122,Running
2123,Running
2124,Running
2125,Running
2126,Running
2127,Running
2128,Running
2129,Running
2130,Running
2131,Running
2132,Running
2133,Running
2134,Running
2135,Running
2136,Running
2137,Running
2138,Running
2139,Running
2140,Running
2141,Running
2142,Running
2143,Running
2144,Running
2145,Running
2146,Running
2147,Running
2148,Running
2149,Running
2150,Running
2151,Running
2152,Running
2153,Running
2154,Running
2155,Running
2156,Running
2157,Running
2158,Running
2159,Running
2160,Running
2161,Running
2162,Running
2163,Running
2164,Running
2165,Running
2166,Running
2167,Running
2168,Running
2169,Running
2170,Running
2171,Running
2172,Running
2173,Running
2174,Running
2175,Running
2176,Running
2177,Running
2178,Running
2179,Running
2180,Running
2181,Running
2182,Running
2183,Running
2184,Running
2185,Running
2186,Running
2187,Running
2188,Running
2189,Running
2190,Running
2191,Running
2192,Running
2193,Running
2194,Running
2195,Sitting
2196,Sitting
2197,Sitting
2198,Sitting
2199,Sitting
2200,Sitting
2201,Sitting
2202,Sitting
2203,Sitting
2204,Sitting
2205,Sitting
2206,Sitting
2207,Sitting
2208,Sitting
2209,Sitting
2210,Sitting
2211,Sitting
2212,Sitting
2213,Sitting
2214,Sitting
2215,Sitting
2216,Sitting
2217,Sitting
2218,Sitting
2219,Sitting
2220,Sitting
2221,Sitting
2222,Sitting
2223,Sitting
2224,Sitting
2225,Sitting
2226,Sitting
2227,Sitting
2228,Sitting
2229,Sitting
2230,Sitting
2231,Sitting
2232,Sitting
2233,Sitting
2234,Sitting
2235,Sitting
2236,Sitting
2237,Sitting
2238,Sitting
2239,Sitting
2240,Sitting
2241,Sitting
2242,Sitting
2243,Sitting
2244,Sitting
2245,Sitting
2246,Sitting
2247,Sitting
2248,Sitting
2249,Sitting
2250,Sitting
2251,Sitting
2252,Sitting
2253,Sitting
2254,Sitting
2255,Sitting
2256,Sitting
2257,Sitting
2258,Sitting
2259,Sitting
2260,Sitting
2261,Sitting
2262,Sitting
2263,Sitting
2264,Sitting
2265,Sitting
2266,Sitting
2267,Sitting
2268,Sitting
2269,Sitting
2270,Sitting
2271,Sitting
2272,Sitting
2273,Sitting
2274,Sitting
2275,Sitting
2276,Sitting
2277,Sitting
2278,Sitting
2279,Sitting
2280,Sitting
2281,Sitting
2282,Sitting
2283,Sitting
2284,Sitting
2285,Sitting
2286,Sitting
2287,Sitting
2288,Sitting
2289,Sitting
2290,Sitting
2291,Sitting
2292,Sitting
2293,Sitting
2294,Sitting
2295,Sitting
2296,Sitting
2297,Sitting
2298,Sitting
2299,Sitting
2300,Sitting
2301,Sitting
2302,Sitting
2303,Sitting
2304,Sitting
2305,Sitting
2306,Sitting
2307,Sitting
2308,Sitting
2309,Sitting
2310,Sitting
2311,Sitting
2312,Sitting
2313,Sitting
2314,Sitting
2315,Sitting
2316,Sitting
2317,Sitting
2318,Sitting
2319,Sitting
2320,Sitting
2321,Sitting
2322,Sitting
2323,Sitting
2324,Sitting
2325,Sitting
2326,Sitting
2327,Sitting
2328,Sitting
2329,Sitting
2330,Sitting
2331,Sitting
2332,Sitting
2333,Sitting
2334,Sitting
2335,Sitting
2336,Sitting
2337,Sitting
2338,Sitting
2339,Sitting
2340,Sitting
2341,Sitting
2342,Sitting
2343,Sitting
2344,Sitting
2345,Sitting
2346,Sitting
2347,Sitting
2348,Sitting
2349,Sitting
2350,Sitting
2351,Sitting
2352,Sitting
2353,Sitting
2354,Sitting
2355,Sitting
2356,Sitting
2357,Sitting
2358,Sitting
2359,Sitting
2360,Sitting
2361,Sitting
2362,Sitting
2363,Sitting
2364,Sitting
2365,Sitting
2366,Sitting
2367,Sitting
2368,Sitting
2369,Sitting
2370,Sitting
2371,Sitting
2372,Sitting
2373,Sitting
2374,Sitting
2375,Sitting
2376,Sitting
2377,Sitting
2378,Sitting
2379,Sitting
2380,Sitting
2381,Sitting
2382,Sitting
2383,Sitting
2384,Sitting
2385,Sitting
2386,Sitting
2387,Sitting
2388,Sitting
2389,Sitting
2390,Sitting
2391,Sitting
2392,Sitting
2393,Sitting
2394,Sitting
2395,Sitting
2396,Sitting
2397,Sitting
2398,Sitting
2399,Sitting
2400,Sitting
2401,Sitting
2402,Sitting
2403,Sitting
2404,Sitting
2405,Sitting
2406,Sitting
2407,Sitting
2408,Sitting
2409,Sitting
2410,Sitting
2411,Sitting
2412,Sitting
2413,Sitting
2414,Sitting
2415,Sitting
2416,Sitting
2417,Sitting
2418,Sitting
2419,Sitting
2420,Sitting
2421,Sitting
2422,Sitting
2423,Sitting
2424,Sitting
2425,Sitting
2426,Sitting
2427,Sitting
2428,Sitting
2429,Sitting
2430,Sitting
2431,Sitting
2432,Sitting
2433,Sitting
2434,Sitting
2435,Sitting
2436,Sitting
2437,Sitting
2438,Sitting
2439,Sitting
2440,Sitting
2441,Sitting
2442,Sitting
2443,Sitting
2444,Sitting
2445,Jump
2446,Jump
2447,Jump
2448,Jump
2449,Jump
2450,Jump
2451,Jump
2452,Jump
2453,Jump
2454,Jump
2455,Jump
2456,Jump
2457,Jump
2458,Jump
2459,Jump
2460,Jump
2461,Jump
2462,Jump
2463,Jump
2464,Jump
2465,Jump
2466,Jump
2467,Jump
2468,Jump
2469,Jump
2470,Jump
2471,Jump
2472,Jump
2473,Jump
2474,Jump
2475,Jump
2476,Jump
2477,Jump
2478,Jump
2479,Jump
2480,Jump
2481,Jump
2482,Jump
2483,Jump
2484,Jump
2485,Jump
2486,Jump
2487,Jump
2488,Jump
2489,Jump
2490,Jump
2491,Jump
2492,Jump
2493,Jump
2494,Jump
2495,Jump
2496,Jump
2497,Jump
2498,Jump
2499,Jump
2500,Jump
2501,Jump
2502,Jump
2503,Jump
2504,Jump
2505,Jump
2506,Jump
2507,Jump
2508,Jump
2509,Jump
2510,Jump
2511,Jump
2512,Jump
2513,Jump
2514,Jump
2515,Jump
2516,Jump
2517,Jump
2518,Jump
2519,Jump
2520,Jump
2521,Jump
2522,Jump
2523,Jump
2524,Jump
2525,Jump
2526,Jump
2527,Jump
2528,Jump
2529,Jump
2530,Jump
2531,Jump
2532,Jump
2533,Jump
2534,Jump
2535,Jump
2536,Jump
2537,Jump
2538,Jump
2539,Jump
2540,Jump
2541,Jump
2542,Jump
2543,Jump
2544,Jump
2545,Jump
2546,Jump
2547,Jump
2548,Jump
2549,Jump
2550,Jump
2551,Jump
2552,Jump
2553,Jump
2554,Jump
2555,Jump
2556,Jump
2557,Jump
2558,Jump
2559,Jump
2560,Jump
2561,Jump
2562,Jump
2563,Jump
2564,Jump
2565,Jump
2566,Jump
2567,Jump
2568,Jump
2569,Jump
2570,Jump
2571,Jump
2572,Jump
2573,Jump
2574,Jump
2575,Jump
2576,Jump
2577,Jump
2578,Jump
2579,Jump
2580,Jump
2581,Jump
2582,Jump
2583,Jump
2584,Jump
2585,Jump
2586,Jump
2587,Jump
2588,Jump
2589,Jump
2590,Jump
2591,Jump
2592,Jump
2593,Jump
2594,Jump
2595,Jump
2596,Jump
2597,Jump
2598,Jump
2599,Jump
2600,Jump
2601,Jump
2602,Jump
2603,Jump
2604,Jump
2605,Jump
2606,Jump
2607,Jump
2608,Jump
2609,Jump
2610,Jump
2611,Jump
2612,Jump
2613,Jump
2614,Jump
2615,Jump
2616,Jump
2617,Jump
2618,Jump
2619,Jump
2620,Jump
2621,Jump
2622,Jump
2623,Jump
2624,Jump
2625,Jump
2626,Jump
2627,Jump
2628,Jump
2629,Jump
2630,Jump
2631,Jump
2632,Jump
2633,Jump
2634,Jump
2635,Jump
2636,Jump
2637,Jump
2638,Jump
2639,Jump
2640,Jump
2641,Jump
2642,Jump
2643,Jump
2644,Jump
2645,Jump
2646,Jump
2647,Jump
2648,Jump
2649,Jump
2650,Jump
2651,Jump
2652,Jump
2653,Jump
2654,Jump
2655,Jump
2656,Jump
2657,Jump
2658,Jump
2659,Jump
2660,Jump
2661,Jump
2662,Jump
2663,Jump
2664,Jump
2665,Jump
2666,Jump
2667,Jump
2668,Jump
2669,Jump
2670,Jump
2671,Jump
2672,Jump
2673,Jump
2674,Jump
2675,Jump
2676,Jump
2677,Jump
2678,Jump
2679,Jump
2680,Jump
2681,Jump
2682,Jump
2683,Jump
2684,Jump
2685,Jump
2686,Jump
2687,Jump
2688,Jump
2689,Jump
2690,Jump
2691,Jump
2692,Jump
2693,Jump
2694,Jump
2695,Jump
2696,Jump
2697,Jump
2698,Jump
2699,Jump
2700,Jump
2701,Jump
2702,Jump
2703,Jump
2704,Jump
2705,Jump
2706,Jump
2707,Jump
2708,Jump
2709,Jump
2710,Jump
2711,Jump
2712,Jump
2713,Jump
2714,Jump
2715,Jump
2716,Jump
2717,Jump
2718,Jump
2719,Jump
2720,Jump
2721,Jump
2722,Jump
2723,Jump
2724,Jump
2725,Jump
2726,Jump
2727,Jump
2728,Jump
2729,Jump
2730,Jump
2731,Jump
2732,Jump
2733,Jump
2734,Jump
2735,Jump
2736,Jump
2737,Jump
2738,Jump
2739,Jump
2740,Jump
2741,Jump
2742,Jump
2743,Jump
2744,Jump
2745,Jump
2746,Jump
2747,Jump
2748,Jump
2749,Jump
2750,Jump
2751,Jump
2752,Jump
2753,Jump
2754,Jump
2755,Jump
2756,Jump
2757,Jump
2758,Jump
2759,Jump
2760,Jump
2761,Jump
2762,Jump
2763,Jump
2764,Jump
2765,Jump
2766,Jump
2767,Jump
2768,Jump
2769,Jump
2770,Jump
2771,Jump
2772,Jump
2773,Jump
2774,Jump
2775,Jump
2776,Jump
2777,Jump
2778,Jump
2779,Jump
2780,Jump
2781,Jump
2782,Jump
2783,Jump
2784,Jump
2785,Jump
2786,Jump
2787,Jump
2788,Jump
2789,Jump
2790,Jump
2791,Jump
2792,Jump
2793,Jump
2794,Jump
2795,Jump
2796,Jump
2797,Jump
2798,Jump
2799,Jump
2800,Jump
2801,Jump
2802,Jump
2803,Jump
2804,Jump
2805,Jump
2806,Jump
2807,Jump
2808,Jump
2809,Jump
2810,Jump
2811,Jump
2812,Jump
2813,Jump
2814,Jump
2815,Jump
2816,Jump
2817,Jump
2818,Jump
2819,Jump
2820,Jump
2821,Jump
2822,Jump
2823,Jump
2824,Jump
2825,Jump
2826,Jump
2827,Jump
2828,Jump
2829,Jump
2830,Jump
2831,Jump
2832,Jump
2833,Jump
2834,Jump
2835,Jump
2836,Jump
2837,Jump
2838,Jump
2839,Jump
2840,Jump
2841,Jump
2842,Jump
2843,Jump
2844,Jump
2845,Jump
2846,Jump
2847,Jump
2848,Jump
2849,Jump
2850,Jump
2851,Jump
2852,Jump
2853,Jump
2854,Jump
2855,Jump
2856,Jump
2857,Jump
2858,Jump
2859,Jump
2860,Jump
2861,Jump
2862,Jump
2863,Jump
2864,Jump
2865,Jump
2866,Jump
2867,Jump
2868,Jump
2869,Jump
2870,Jump
2871,Jump
2872,Jump
2873,Jump
2874,Jump
2875,Jump
2876,Jump
2877,Jump
2878,Jump
2879,Jump
2880,Jump
2881,Jump
2882,Jump
2883,Jump
2884,Jump
2885,Jump
2886,Jump
2887,Jump
2888,Jump
2889,Jump
2890,No activity
2891,No activity
2892,No activity
2893,No activity
2894,No activity
2895,No activity
2896,No activity
2897,No activity
2898,No activity
2899,No activity
2900,No activity
2901,No activity
2902,No activity
2903,No activity
2904,No activity
2905,No activity
2906,No activity
2907,No activity
2908,No activity
2909,No activity
2910,No activity
2911,No activity
2912,No activity
2913,No activity
2914,No activity
2915,No activity
2916,No activity
2917,No activity
2918,No activity
2919,No activity
2920,No activity
2921,No activity
2922,No activity
2923,No activity
2924,No activity
2925,No activity
2926,No activity
2927,No activity
2928,No activity
2929,No activity
2930,No activity
2931,No activity
2932,No activity
2933,No activity
2934,No activity
2935,No activity
2936,No activity
2937,No activity
2938,No activity
2939,No activity
2940,No activity
2941,No activity
2942,No activity
2943,No activity
2944,No activity
2945,No activity
2946,No activity
2947,No activity
2948,No activity
2949,No activity
2950,No activity
2951,No activity
2952,No activity
2953,No activity
2954,No activity
2955,No activity
2956,No activity
2957,No activity
2958,No activity
2959,No activity
2960,No activity
2961,No activity
2962,No activity
2963,No activity
2964,No activity
2965,No activity
2966,No activity
2967,No activity
2968,No activity
2969,No activity
2970,No activity
2971,No activity
2972,No activity
2973,No activity
2974,No activity
2975,No activity
2976,No activity
2977,No activity
2978,No activity
2979,No activity
2980,No activity
2981,No activity
2982,No activity
2983,No activity
2984,No activity
2985,No activity
2986,No activity
2987,No activity
2988,No activity
2989,No activity
2990,No activity
2991,No activity
2992,No activity
2993,No activity
2994,No activity
2995,No activity
2996,No activity
2997,No activity
2998,No activity
2999,No activity
3000,No activity
3001,No activity
3002,No activity
3003,No activity
3004,No activity
3005,No activity
3006,No activity
3007,No activity
3008,No activity
3009,No activity
3010,No activity
3011,No activity
3012,No activity
3013,No activity
3014,No activity
3015,No activity
3016,No activity
3017,No activity
3018,No activity
3019,No activity
3020,No activity
3021,No activity
3022,No activity
3023,No activity
3024,No activity
3025,No activity
3026,No activity
3027,No activity
3028,No activity
3029,No activity
3030,No activity
3031,No activity
3032,No activity
3033,No activity
3034,No activity
3035,No activity
3036,No activity
3037,No activity
3038,No activity
3039,No activity
3040,No activity
3041,No activity
3042,No activity
3043,No activity
3044,No activity
3045,No activity
3046,No activity
3047,No activity
3048,No activity
3049,No activity
